Numéro,Année
Mémoire n°01,1991
Mémoire n°02,1992
Mémoire n°03,1992
Mémoire n°04,1993
Mémoire n°05,1993
Mémoire n°06,1994
Mémoire n°06 bis,1994
Mémoire n°07,1994
Mémoire n°08,1995
Mémoire n°09,1995
Mémoire n°10,1996
Mémoire n°11,1996
Mémoire n°12,1997
Mémoire n°13,1997
Mémoire n°14,1998
Mémoire n°14 bis,1998
Mémoire n°15,1998
Mémoire n°16,1999
Mémoire n°17,1999
Mémoire n°18,2000
Mémoire n°19,2000
Mémoire n°20,2001
Mémoire n°21,2001
Mémoire n°22,2002
Mémoire n°23,2002
Mémoire n°24,2003
Mémoire n°25,2003
Mémoire n°26,2004
Mémoire n°27,2004
Mémoire n°28,2005
Mémoire n°29,2005
Mémoire n°30,2006
Mémoire n°31,2006
Mémoire n°32,2007
Mémoire n°33,2007
Mémoire n°34,2008
Mémoire n°35,2008
Mémoire n°36,2009
Mémoire n°37,2009
Mémoire n°38,2010
Mémoire n°39,2010
Mémoire n°41,2011
Mémoire n°42,2012
Mémoire n°43,2012
Mémoire n°44,2013
Mémoire n°45,2013
Mémoire n°46,2014
Mémoire n°47,2014
Mémoire n°48,2015
Mémoire n°49,2015
Mémoire n°50,2016
Mémoire n°51,2016
Mémoire n°52,2017
Mémoire n°53,2017
Mémoire n°54,2018
Mémoire n°55,2018
Mémoire n°56,2019
Mémoire n°57,2019
Mémoire n°58,2020
Mémoire n°59,2020
Mémoire n°60,2021
Mémoire n°61,2021
Mémoire N°62,2022
Mémoire n°63,2022
Mémoire n°64,2023
Mémoire n°65,2023
Mémoire n°66,2024
Mémoire n°67,2024
Mémoire n°68,2025
