Numéro,Année,Titre
Mémoire n°01,,Éditorial  Résumé
Mémoire n°01,,Comment la Ille République a sombré Journal de Marguerite Lebrun (août 39 julle 40)  Résumé
Mémoire n°01,,Les châteaux et autres demeures anciennes de l'ex-canton de Vizille Résumé
Mémoire n°01,,Notre couverture  Résumé
Mémoire n°01,,Vie rurale à Brié pendant la période révolutionnaire  Résumé
Mémoire n°01,,"Paul Michel, photographe  Résumé"
Mémoire n°01,,La bataille de Jarrie  Résumé
Mémoire n°01,,Alexandre Zeis - Une récente découverte  Résumé
Mémoire n°01,,Alexandre Zeis - Une récente découverte  Résumé
Mémoire n°01,,L'inondation de 1928 à Bourg d'Oisans  Résumé
Mémoire n°01,,Bains électriques d'air chaud au château de Vizille  Résumé
Mémoire n°01,,Le choléra dans nos contrées en 1854  Résumé
Mémoire n°01,,Le pont de la Rivoire  Résumé
Mémoire n°01,,D'aigua sioplait (de l'eau s'il vous plaît)  Résumé
Mémoire n°01,,Le souvenir  Résumé
Mémoire n°01,,Les Tissages de Vizille de 1918 à 1968 ()  Résumé
Mémoire n°01,,A propos du Prieuré de Vizille  Résumé
Mémoire n°01,,I - Un séjour à émotion de Marcel Deprez  Résumé
Mémoire n°01,,Un grand mariage à Vizille au XVIIIe siècle  Résumé
Mémoire n°01,,La chapelle Sainte Madeleine  Résumé
Mémoire n°01,,Les femmes dans la guerre de 14-18 - Seconde partie )  Résumé
Mémoire n°01,,Comment a commencé ma collection d'objets sur les JeuxOlympiques d'hiver de Grenoble  Résumé
Mémoire n°01,,La page utile  Résumé
Mémoire n°02,,Premiers noms connus à Séchilienne  Résumé
Mémoire n°02,,II - Biographie de Marcel Deprez  Résumé
Mémoire n°02,,Chapelle de Montchaboud  Résumé
Mémoire n°02,,Incendie de Champ village  Résumé
Mémoire n°02,,Drame dans la montagne de Vaulnaveys  Résumé
Mémoire n°02,,Propriétaires successifs du Château de Vizille  Résumé
Mémoire n°02,,Le secret de la mine  Résumé
Mémoire n°02,,"Foires, fêtes et loisirs à Brié  Résumé"
Mémoire n°02,,Recettes dauphinoises  Résumé
Mémoire n°02,,Lou rena et lou courba  Résumé
Mémoire n°02,,Vizille en feu  Résumé
Mémoire n°02,,Evolution de l'art religieux : St Hippolyte des Angonnes  Résumé
Mémoire n°02,,Louis XIII et Richelieu à Jarrie  Résumé
Mémoire n°02,,Manière de se soigner autrefois  Résumé
Mémoire n°02,,Bibliographie et sources  Résumé
Mémoire n°03,,La romance des bruleurs de loups  Résumé
Mémoire n°03,,Stendhal en pays vizillois  Résumé
Mémoire n°03,,Le train dans le canton de Vizille  Résumé
Mémoire n°03,,"Peillaud, le guide de l'Ile Falcon  Résumé"
Mémoire n°03,,Saint François Régis (chapelle)  Résumé
Mémoire n°03,,Vizille et le tour de France  Résumé
Mémoire n°03,,Saint Georges de Commiers  Résumé
Mémoire n°03,,La marmite de Lesdiguières  Résumé
Mémoire n°03,,III - Marcel Deprez : l'expérience de Jarrie  Résumé
Mémoire n°03,,Vizille il y a 100 ans  Résumé
Mémoire n°03,,Journées mésageoises : exposition St-Pierre  Résumé
Mémoire n°03,,L'église de Vizille : un siècle de péripéties  Résumé
Mémoire n°03,,Le certificat d'études primaires  Résumé
Mémoire n°03,,Bibliographie et sources  Résumé
Mémoire n°04,,La vallée de la Romanche (moyenne et basse)  Résumé
Mémoire n°04,,Les docteurs Bonnardon  Résumé
Mémoire n°04,,Les tribulations du Baptiste  Résumé
Mémoire n°04,,Contrat de mariage  Résumé
Mémoire n°04,,Villeneuve d'Uriage et son église  Résumé
Mémoire n°04,,Cinquante ans déjà : la dissolution du 6e BCA  Résumé
Mémoire n°04,,Le mariage de Céline : la mariée humoriste  Résumé
Mémoire n°04,,Le train de St Georges  Résumé
Mémoire n°04,,De Grenoble à Brié  Résumé
Mémoire n°04,,La guerre de 14/18  Résumé
Mémoire n°04,,Le quartier de la Gaffe  Résumé
Mémoire n°04,,Bibliographie et sources  Résumé
Mémoire n°04,,Protection et restauration du Prieuré de Vizille  Résumé
Mémoire n°05,,Organigramme de la direction du patrimoine  Résumé
Mémoire n°05,,Notre patrimoine : signification  Résumé
Mémoire n°05,,Le musée de Champ sur Drac  Résumé
Mémoire n°05,,Faits divers : Incendie des Traverses à St Pierre de Mésage  Résumé
Mémoire n°05,,Villages Laffrey et St Jean de Vaulx  Résumé
Mémoire n°05,,Route de Brié  Résumé
Mémoire n°05,,Les papeteries de Vizille : plus de 400 ans cette année  Résumé
Mémoire n°05,,Prieuré de Vizille : quoi de neuf !  Résumé
Mémoire n°05,,IV - Transport d'électricité - Marcel Deprez  Résumé
Mémoire n°05,,Une exploitation agricole au XVIIIe - St Pierre de Mésage  Résumé
Mémoire n°05,,La formation des groupes de résistance à Vizille  Résumé
Mémoire n°05,,Le Prieuré de St Michel de Connexe  Résumé
Mémoire n°05,,Adduction d'eau à St Jean et Notre Dame de Vaulx  Résumé
Mémoire n°06,,La basse vallée de la Romanche  Résumé
Mémoire n°06,,I - La vie en 1793 à Champ sur Drac sous la révolution Résumé
Mémoire n°06,,Métiers d'antan  Résumé
Mémoire n°06,,50 ans déjà : la Rafle du 18 février 1944  Résumé
Mémoire n°06,,I - le fort des 4 seigneurs  Résumé
Mémoire n°06,,II - le fort des 4 seigneurs  Résumé
Mémoire n°06,,Poème d'hier : si mes grands-parents revenaient  Résumé
Mémoire n°06,,Vie quotidienne : la buille chez nos grans-mères  Résumé
Mémoire n°06,,Vins futés des grands-mères  Résumé
Mémoire n°06,,Bibliographie et sources  Résumé
Mémoire n°06 bis,,Libération du pays vizillois - 22 aout 1944 (n° spécial)  Résumé
Mémoire n°07,,II - La vie en 1793 à Champ sur Drac sous la révolution Résumé
Mémoire n°07,,Guigues II : neuvième prieur des Chartreux  Résumé
Mémoire n°07,,Un peu de toponymie  Résumé
Mémoire n°07,,Visite de l'évêque de Grenoble : 1672 à Séchilienne  Résumé
Mémoire n°07,,Les vins futés de nos grands-mères  Résumé
Mémoire n°07,,Souvenirs autour de St Firmin  Résumé
Mémoire n°07,,Adolphe Delleda : coureur cycliste  Résumé
Mémoire n°07,,Docteur Billerey à Brié  Résumé
Mémoire n°07,,22 aout 1944 : le film oublié  Résumé
Mémoire n°07,,Le moulin neuf de Tavernolles  Résumé
Mémoire n°07,,Métiers ambulants  Résumé
Mémoire n°07,,Bibliographie et sources : le Prieuré de Vizille  Résumé
Mémoire n°07,,Il était une fois à Jarrie : les travaux des champs  Résumé
Mémoire n°08,,Facheux XXe siècle : St Michel de Connexe  Résumé
Mémoire n°08,,La vallée de la Romanche  Résumé
Mémoire n°08,,Un instrument insolite  Résumé
Mémoire n°08,,15 mars 1777 : testament de l'abbé de Beauregard  Résumé
Mémoire n°08,,Tournerie de Vaulnaveys le haut  Résumé
Mémoire n°08,,La pierre cerise  Résumé
Mémoire n°08,,"Une belle trouvaille, un bon réflexe  Résumé"
Mémoire n°08,,St Barthélémy : église raconte moi ton histoire  Résumé
Mémoire n°08,,Il était une fois Jarrie : les plaisirs de neige  Résumé
Mémoire n°08,,Le rideau de scène de la cité Navarre  Résumé
Mémoire n°08,,Un contrat d'apprentissage : 1895 à Brié  Résumé
Mémoire n°08,,Traditions et coutumes dans la région  Résumé
Mémoire n°08,,Construction d'un pont Tarron par le génie  Résumé
Mémoire n°08,,"Renards d'aujourd'hui, loups d'autrefois  Résumé"
Mémoire n°08,,La croix de Chamrousse  Résumé
Mémoire n°08,,Bibliographie et sources  Résumé
Mémoire n°09,,Au revoir père Meyer  Résumé
Mémoire n°09,,Attention : un malentendu peut en cacher un autre  Résumé
Mémoire n°09,,Une soirée inoubliable  Résumé
Mémoire n°09,,La St Barnard (et chanson)  Résumé
Mémoire n°09,,Vie religieuse à Vaulnaveys  Résumé
Mémoire n°09,,I - Les aventures de Charvet - Citoyen vizillois  Résumé
Mémoire n°09,,Conventions rapport  Résumé
Mémoire n°09,,Cure et littérature à Uriage  Résumé
Mémoire n°09,,La bataille de St Barthélémy de Séchilienne  Résumé
Mémoire n°09,,Les sapeurs pompiers St Georgeois  Résumé
Mémoire n°09,,Chantier archéologique de Varces  Résumé
Mémoire n°10,,Naissance d'un blason  Résumé
Mémoire n°10,,II - Les aventures de Charvet  Résumé
Mémoire n°10,,Paysages du canton de Vizille  Résumé
Mémoire n°10,,Vizille 1711 : un contrat d'apprentissage  Résumé
Mémoire n°10,,Chateau d'Herbeys  Résumé
Mémoire n°10,,Enfant à Vizille dans les années 30  Résumé
Mémoire n°10,,Religion réformée - Brié en 1727  Résumé
Mémoire n°10,,St Pierre de Mésage - son église  Résumé
Mémoire n°10,,Que ferons-nous de nos églises ?  Résumé
Mémoire n°10,,Familles nobles du M.A. à Brié  Résumé
Mémoire n°10,,Un intérieur paysan en 1710 et 1880  Résumé
Mémoire n°10,,"Le ""port"" de Gavet  Résumé"
Mémoire n°10,,Comment fut fixé le prix du pain à Vizille en 1615 Résumé
Mémoire n°10,,Le village nègre  Résumé
Mémoire n°11,,Le raffour de la montagne du Péage  Résumé
Mémoire n°11,,Balade automnale d'un enfant vers 1930  Résumé
Mémoire n°11,,Lo Toëne de Monchaffrey  Résumé
Mémoire n°11,,III - Les aventures de Charvet  Résumé
Mémoire n°11,,L'histoire du Mont-Larron  Résumé
Mémoire n°11,,Missionnaire de la Salette : le révérend Père Archier  Résumé
Mémoire n°11,,Archéologie : la plaine du Lavanchon  Résumé
Mémoire n°11,,Le musée historique de la vallée de la Romanche  Résumé
Mémoire n°11,,En 1782 : les vaches de Brié étaient-elles folles ?  Résumé
Mémoire n°11,,Quand Jean-Jacques Rousseau cherchait une maison  Résumé
Mémoire n°11,,Souvenir des usines Keller  Résumé
Mémoire n°11,,Il était une fois Jarrie : les commerces  Résumé
Mémoire n°11,,Retour à l'école des cadres d'Uriage  Résumé
Mémoire n°11,,Soirée Rigodon à Pellafol 10 aout 1996  Résumé
Mémoire n°11,,Pique-nique avec les amis de la vallée de la Gresse  Résumé
Mémoire n°11,,Les deux mulets (poème)  Résumé
Mémoire n°12,,I - Les registres paroissiaux de Brié  Résumé
Mémoire n°12,,IV - Les aventures de Charvet  Résumé
Mémoire n°12,,Le plâtre d'Herbeys  Résumé
Mémoire n°12,,Un aspect de la vie des campagnes - St Barthélémy de Séchilienne Résumé
Mémoire n°12,,18 février 1944  Résumé
Mémoire n°12,,Vizille fait divers : 18 février 1944  Résumé
Mémoire n°12,,Les scouts de Vizille  Résumé
Mémoire n°12,,Moulin syndical de Vaulnaveys le haut  Résumé
Mémoire n°12,,La chartreuse de Prémol  Résumé
Mémoire n°12,,Dramatiques évènements aux Angonnes  Résumé
Mémoire n°12,,Toponymie et origine des noms des communes  Résumé
Mémoire n°12,,Bibliographie et sources  Résumé
Mémoire n°13,,"""L'aigle a deux têtes"" vu par Raymond Voinquel  Résumé"
Mémoire n°13,,II - Les registres paroissiaux de Brié  Résumé
Mémoire n°13,,Défense et illustration du patrimoine  Résumé
Mémoire n°13,,Il revient : retour de Napoléon  Résumé
Mémoire n°13,,Un projet de monument commémoratif du passage de Napoléon  Résumé
Mémoire n°13,,Les conscrits (St Pierre et Notre Dame)  Résumé
Mémoire n°13,,"Le battage, du fléau à la batteuse  Résumé"
Mémoire n°13,,"Une coutume religieuse : ""le pain bénit""  Résumé"
Mémoire n°13,,V - Les aventures de Charvet : 1814-1816  Résumé
Mémoire n°13,,Journées du patrimoine 21 septembre 1997  Résumé
Mémoire n°14,,La croix du Mottet  Résumé
Mémoire n°14,,A propos de cloche  Résumé
Mémoire n°14,,Un curé de choc à St Martin de la Cluze  Résumé
Mémoire n°14,,III - Les registres paroissiaux de Brié (fin)  Résumé
Mémoire n°14,,Quand les vizillois chantaient  Résumé
Mémoire n°14,,VI - Les aventures de Charvet  Résumé
Mémoire n°14,,Les débuts du tourisme dans notre région  Résumé
Mémoire n°14,,Un mariage compromis à Jarrie  Résumé
Mémoire n°14,,Avis de recherche  Résumé
Mémoire n°14,,Un trépas très suivi  Résumé
Mémoire n°14,,Chamrousse : station olympique de Duhamel à Killy  Résumé
Mémoire n°14,,Le monologue de Janin  Résumé
Mémoire n°14,,Histoire d'un site industriel  Résumé
Mémoire n°14,,Vogues avec violence  Résumé
Mémoire n°14,,Le dore  Résumé
Mémoire n°14,,Traditions et coutumes de Vizille  Résumé
Mémoire n°14,,Actualités : les 20 ans de Bonrepos  Résumé
Mémoire n°14,,Abbaye de Boscodon : sortie du 6 juin 1998  Résumé
Mémoire n°14 bis,,Le tour de France en pays Vizillois (n° spécial)  Résumé
Mémoire n°15,,Le chatelain d'Herbeys  Résumé
Mémoire n°15,,Les cloutiers de St Barthélémy  Résumé
Mémoire n°15,,Le président Gaston Doumergue à Prémol  Résumé
Mémoire n°15,,Le trolleybus du Péage de Vizille  Résumé
Mémoire n°15,,VII - Les aventures de Charvet (fin)  Résumé
Mémoire n°15,,"A la fin du XVIIe siècle, un évêque en visite pastorale dans notre région  Résumé"
Mémoire n°15,,L'appareil judiciaire grenoblois Napoléon et la magistrature  Résumé
Mémoire n°16,,Le chateau de Bonrepos  Résumé
Mémoire n°16,,L'historique de la fusillade des Tillegrets  Résumé
Mémoire n°16,,I - Le fort de Montavie : les fortifications  Résumé
Mémoire n°16,,L'abjuration  Résumé
Mémoire n°16,,I - Les visites pastorales du Cardinal Le Camus en Pays Vizillois  Résumé
Mémoire n°16,,Jadis et naguère Chamrousse-Béranger  Résumé
Mémoire n°17,,II - Le fort de Montavie : un projet de reconversion  Résumé
Mémoire n°17,,Un cheval peu ordinaire  Résumé
Mémoire n°17,,Il était une fois Jarrie : la colonie de St Maurice en Trièves  Résumé
Mémoire n°17,,La restauration de la chapelle des Angonnes  Résumé
Mémoire n°17,,Comme autrefois  Résumé
Mémoire n°17,,Accident du grand mur dans la cote de Laffrey : 25 aout 1946  Résumé
Mémoire n°17,,Relation des incidents survenus à Jarrie en juillet et août 44  Résumé
Mémoire n°17,,L'art roman dans le canton de Vizille  Résumé
Mémoire n°17,,Chroniques de Champagnier dans les grimoires de Bonrepos  Résumé
Mémoire n°17,,II - Les visites pastorales du Cardinal Le Camus en Pays Vizillois  Résumé
Mémoire n°18,,Il était une fois Jarrie : traditions chrétiennes d'antan  Résumé
Mémoire n°18,,1943 - 1944 : la voiture au gazo de mon père  Résumé
Mémoire n°18,,29 février 1632 : ordonnance de médecins lyonnais  Résumé
Mémoire n°18,,St Jean de Vaulx  Résumé
Mémoire n°18,,Comment Lesdiguières punit cruellement Jacquet le Maraudeur Résumé
Mémoire n°18,,Les distractions vers les années 30  Résumé
Mémoire n°18,,"Vizille, camp des veilles ou pays des eaux  Résumé"
Mémoire n°18,,16 juillt 1911 : Remédo pire que le mâ  Résumé
Mémoire n°18,,III - Les visites pastorales du Cardinal Le Camus en Pays Vizillois Résumé
Mémoire n°18,,III - Le fort de Montavie : un projt de reconversion  Résumé
Mémoire n°18,,Mémoire d'une communauté : visages de Jarrie  Résumé
Mémoire n°19,,Il était une fois Jarrie : nos pélerinages  Résumé
Mémoire n°19,,La famille de Saint-Léger fête 1000 ans d'histoire  Résumé
Mémoire n°19,,Sur les traces d'André Charvet : citoyen vizillois  Résumé
Mémoire n°19,,"Belledonne ou ""qui sait le mot sait les choses"" (Platon dans ""Le Cratyle"")  Résumé"
Mémoire n°19,,Contrat de mariage  Résumé
Mémoire n°19,,La chapelle baroque des Angonnes  Résumé
Mémoire n°19,,Déjà la circulation en 1924 : le tramway à Brié  Résumé
Mémoire n°19,,IV - Le fort de Montavie : un projet de reconversion (fin)  Résumé
Mémoire n°19,,IV - Les visites pastorales du Cardinal Le Camus en pays Vizillois : Notre-Dame de Jarrie  Résumé
Mémoire n°19,,Les aventures de Basile Bonnardon : médecin à Vizille au XIXe siècle  Résumé
Mémoire n°20,,Une affaire entre Casimir Périer et Claude Rouget de Lisle  Résumé
Mémoire n°20,,1843 : Histoire d'eau - 1852 : Histoire de débit de boisson  Résumé
Mémoire n°20,,Les fièvres intermittentes à Vaulnaveys au cours du XVIIIe siècle  Résumé
Mémoire n°20,,Mon ami le père Paradis : le dernier des tueurs d'ours  Résumé
Mémoire n°20,,Le premier gardien de refuge : le père Tasse  Résumé
Mémoire n°20,,Le bas-relief du château de Vizille  Résumé
Mémoire n°20,,Un faire-part de décès original  Résumé
Mémoire n°20,,V - Les visites pastorales du Cardinal Le Camus en Pays Vizillois : prieuré de Vaulnaveys Résumé
Mémoire n°20,,Enigme à Champanier Printemps 44  Résumé
Mémoire n°20,,L'élection de St Pierre de Mésage : février 1790  Résumé
Mémoire n°21,,Les mémoires du docteur Bonnardon  Résumé
Mémoire n°21,,Des nouvelles de nos chateaux  Résumé
Mémoire n°21,,Le pont de Vizille et son péage  Résumé
Mémoire n°21,,La carte postale témoin de l'histoire  Résumé
Mémoire n°21,,Le centre de documentation du domaine départemental  Résumé
Mémoire n°21,,L'ours de la Poyat  Résumé
Mémoire n°21,,"Trois vizilloises dans la vie ""chamboulée"" des normaliennes  Résumé"
Mémoire n°21,,VI - Les visites pastorales du cardinal Le Camus : pays d'Uriage  Résumé
Mémoire n°21,,Lieudit et bail à ferme à Jarrie en 1653  Résumé
Mémoire n°22,,Votre grand-père fait-il partie de cette brochette de cycliste ?  Résumé
Mémoire n°22,,La wehrmacht à Vizille du 10 au 21 aout 1944  Résumé
Mémoire n°22,,Raconte grand-père... Souvenirs d'école  Résumé
Mémoire n°22,,La mairie école des Chaberts  Résumé
Mémoire n°22,,Une maison disparue au passé revenu  Résumé
Mémoire n°22,,Trois siècles de mémoire  Résumé
Mémoire n°22,,Les présidents de la République vus par un enfant  Résumé
Mémoire n°22,,Un blason pour la commune de Brié et Angonnes  Résumé
Mémoire n°22,,Un diplôme d'honneur pour Brié et Angonnes  Résumé
Mémoire n°22,,Laffrey  Résumé
Mémoire n°22,,I - Les moulins de Jarrie à travers l'histoire  Résumé
Mémoire n°22,,I - L'annuaire d'un curé de campagne aux Angonnes  Résumé
Mémoire n°22,,A propos d'un sauvetage  Résumé
Mémoire n°22,,La mort du maire de Vizille  Résumé
Mémoire n°23,,II - Les moulins de Jarrie à travers l'histoire  Résumé
Mémoire n°23,,Le renard et la cigogne  Résumé
Mémoire n°23,,Les sites du canton vous ouvrent leurs portes  Résumé
Mémoire n°23,,La dolomite de St Pierre de Mésage  Résumé
Mémoire n°23,,VII - Les visites pastorales du cardinal Le Camus : la Matheysine (fin) Résumé
Mémoire n°23,,Le domaine Rabit à Herbeys  Résumé
Mémoire n°23,,Mondanité à Grenoble et Vizille - 1950  Résumé
Mémoire n°23,,Histoire d'ours dans la montagne de Séchilienne  Résumé
Mémoire n°24,,Nouvelles histoires d'ours  Résumé
Mémoire n°24,,L'église de Brié  Résumé
Mémoire n°24,,Un mésageois à la découverte du monde  Résumé
Mémoire n°24,,Les bassins de Notre-Dame de Mésage  Résumé
Mémoire n°24,,Dendrochronologie  Résumé
Mémoire n°24,,St Sauveur souvenir de guerre  Résumé
Mémoire n°24,,Les premiers guides dauphinois sont de Belledonne  Résumé
Mémoire n°24,,III - Les moulins de Jarrie à travers l'histoire  Résumé
Mémoire n°25,,"Les suites du spectacle""A la claire fontaine""  Résumé"
Mémoire n°25,,IV - Les moulins de Jarrie à travers l'histoire  Résumé
Mémoire n°25,,"""La Marianne"" : le monument commémoratif de l'assemble de Vizille  Résumé"
Mémoire n°25,,II - L'annuaire d'un curé de campagne aux Angonnes  Résumé
Mémoire n°25,,Montjean sur Vizille  Résumé
Mémoire n°26,,Herbeys dans l'histoire - La complainte du kiosque  Résumé
Mémoire n°26,,Les problèmes de la route des Hautes-Alpes  Résumé
Mémoire n°26,,Histoire de cloche... à Vizille  Résumé
Mémoire n°26,,Les mémoires de Basile Bonnardon  Résumé
Mémoire n°26,,Le temps des échafaudages  Résumé
Mémoire n°26,,V - Les moulins de Jarrie à travers l'histoire  Résumé
Mémoire n°26,,A Brié... Des fontaines républicaines et radicales socialistes Résumé
Mémoire n°26,,Autour de la légende du mmur du château de Vizille  Résumé
Mémoire n°26,,Un hôte de marque à Vizille : Jean Jaurès  Résumé
Mémoire n°27,,Un peu de nouveauté  Résumé
Mémoire n°27,,Assemblé générale des Amis de l'Histoire  Résumé
Mémoire n°27,,Contribution à l'histoire de la Libération de Vizille. Le 22 aout 1944  Résumé
Mémoire n°27,,Les 4 saisons de Léonce et Renée  Résumé
Mémoire n°27,,VI - Les moulins de Jarrie à travers l'histoire  Résumé
Mémoire n°27,,Le patronnage Champ - Jarrie  Résumé
Mémoire n°27,,Fontaines et bassins de Vaulnaveys-le-Haut  Résumé
Mémoire n°27,,Le bureau de poste de Brié et Angonnes  Résumé
Mémoire n°27,,Le service postal à Herbeys  Résumé
Mémoire n°27,,Mon premier poste d'institutrice  Résumé
Mémoire n°28,,Edito  Résumé
Mémoire n°28,,Le saut du moine  Résumé
Mémoire n°28,,La fonderie de la mine d'argent de Brandes en Oisans  Résumé
Mémoire n°28,,Connaissance et actions du patrimoine  Résumé
Mémoire n°28,,Le triste sort de Pierre Guymet-Node de Montchaffrey qui avait un peu trop fêté la St-Barthélémy 1805  Résumé
Mémoire n°28,,Recherches sur la première église de Vizille  Résumé
Mémoire n°28,,VII - Les moulins de Jarrie à travers l'histoire  Résumé
Mémoire n°28,,L'hydroscope de Montjean  Résumé
Mémoire n°28,,Commune de Livet et Gavet - Aout 1944  Résumé
Mémoire n°28,,Brié et Angonnes - La commune parraine le village martyr ardennais d'Etrepigny (1920) Résumé
Mémoire n°29,,Des amis de l'histoire à l'honneur  Résumé
Mémoire n°29,,Souvenirs personnels de la libération de Vizille  Résumé
Mémoire n°29,,L'église de Séchilienne  Résumé
Mémoire n°29,,Jarrie et ses montagnes  Résumé
Mémoire n°29,,Ceux du magnésium  Résumé
Mémoire n°29,,"Mérimée, professeur d'architecture de Stendhal  Résumé"
Mémoire n°29,,La Pauline  Résumé
Mémoire n°29,,"Le chateau de paille : les habitants passent, le cadre reste  Résumé"
Mémoire n°29,,Lucis Baud (1870 - 1913)  Résumé
Mémoire n°30,,Une journée festive et conviviale - 100 ans d'école à Vizille  Résumé
Mémoire n°30,,Un cas de rage à Vizille  Résumé
Mémoire n°30,,Notre-Dame des Autels à Champ-sur-Drac  Résumé
Mémoire n°30,,Le tourisme en Oisans  Résumé
Mémoire n°30,,Visite du château de Vizille en 1628  Résumé
Mémoire n°30,,Vizille et ses commerces - 1ère partie de la rue Général De Gaulle  Résumé
Mémoire n°30,,Quatre ans de retard pour la classe  Résumé
Mémoire n°30,,L'antiquité du plateau de Champagnier  Résumé
Mémoire n°31,,"La photographie, irremplacable témoin  Résumé"
Mémoire n°31,,17 juin 1788 - 14 juillet 1789  Résumé
Mémoire n°31,,Une famille au Bessey d'Oz au siècle dernier  Résumé
Mémoire n°31,,"1790 : Dominique Bonnet, curé de St Pierre de Mésage, prête serment à la Constitution Civile du Clergé  Résumé"
Mémoire n°31,,Vizille et ses commerces : la place Stalingrad  Résumé
Mémoire n°31,,100 ans d'école à Vizille - Encore des témoignages  Résumé
Mémoire n°31,,La Fayette à Vizille  Résumé
Mémoire n°31,,Un café peu ordinaire  Résumé
Mémoire n°31,,Souvenirs au fil du temps : les usines de l'Alliance et du Tissage  Résumé
Mémoire n°31,,"Commune de Livet et Gavet, aout 1944  Résumé"
Mémoire n°31,,Un accident du train de la société des VFD  Résumé
Mémoire n°32,,Femmes  Résumé
Mémoire n°32,,Le tragique éboulement du 1er avril 1827 à Séchilienne  Résumé
Mémoire n°32,,Etrange détour dans la destinée d'un pionnier de l'Alpe d'Huez  Résumé
Mémoire n°32,,Des nouvelles de 1903  Résumé
Mémoire n°32,,Industries minières et métallurgiques tombées dans l'oubli à Vaulnaveys-le-Bas et à Uriage Résumé
Mémoire n°32,,"L'électrification de Grenoble, un enjeu disputé  Résumé"
Mémoire n°32,,Vizille et ses commerces : un quartier dans la ville  Résumé
Mémoire n°32,,A lire... ou à danser  Résumé
Mémoire n°32,,100 ans d'école à Vizille - Encore des témoignages  Résumé
Mémoire n°32,,"Personnages et demeures de Jarrie, Bon Repos et la Valentine au temps des Vaucanson et Benoit Duperier  Résumé"
Mémoire n°32,,Ils auraient 100 ans cette année - classe 1927 de Vizille  Résumé
Mémoire n°33,,Structure et histoire géologique du plateau de champagnier  Résumé
Mémoire n°33,,Géologie et contruction  Résumé
Mémoire n°33,,Des passionnés d'aviation  Résumé
Mémoire n°33,,Vizille et ses commerces : dernière partie de la rue Général de Gaulle  Résumé
Mémoire n°33,,Année 1815 : le retour de Napoléon et son passage à Vizille  Résumé
Mémoire n°33,,Les aventures du capitaine Randon en marge du passage de Napoléon à Vizille Résumé
Mémoire n°33,,Un peu de mémoire qui s'en va  Résumé
Mémoire n°33,,Edition  Résumé
Mémoire n°33,,Un vizillois Huguenot émigré en Prusse au XVIIe siècle  Résumé
Mémoire n°33,,A propos du chevalier Bayard et du chateau d'Uriage  Résumé
Mémoire n°34,,Encore deux nouvelles éditions  Résumé
Mémoire n°34,,"Vizille : foires, marchés, quinzaines commerciales, braderies  Résumé"
Mémoire n°34,,Du chateau médiéval au palais du Connétable  Résumé
Mémoire n°34,,Le chateau de Vizille avant la Révolution Française  Résumé
Mémoire n°34,,Fresque de la façade de l'école Jean Jaurès  Résumé
Mémoire n°34,,Quand la restauration d'objets du patrimoins provoque une cérémonie officielle de l'église catholique Résumé
Mémoire n°34,,La mine de zinc de Laffrey : une ruineuse chimère  Résumé
Mémoire n°34,,L'incendie du village de Montchaffrey  Résumé
Mémoire n°34,,"Le tonneau de Diogène, Diogène le cynique  Résumé"
Mémoire n°34,,"Olivier Messiaen, l'un des plus grands musiciens du XXe siècle à Petichet  Résumé"
Mémoire n°34,,1816 : le coup d'état manqué de Jean-Paul Didier  Résumé
Mémoire n°34,,"Un peu de toponymie : chanse, chansure...  Résumé"
Mémoire n°34,,Un triste mois de janvier à Brié : le meurtre du café restaurant Vigier  Résumé
Mémoire n°34,,Actualités  Résumé
Mémoire n°34,,Les anciennes familles de Brié et Angonnes : la famille Ogier  Résumé
Mémoire n°35,,"La ferme ""présidentielle"" du chateau de Vizille  Résumé"
Mémoire n°35,,Promenade découverte à partir du saut du moine  Résumé
Mémoire n°35,,Nos hommes de la révolutions  Résumé
Mémoire n°35,,"Vizille et ses commerces - Les rues : Casimir. Périer, de la République, Sadi Carnot  Résumé"
Mémoire n°35,,I - Le parc du chateau du roi  Résumé
Mémoire n°35,,Le chateau des Simianes à Haute-Jarrie  Résumé
Mémoire n°35,,"Souvenirs de Georges Vivier : un ""personnage"", une ""figure"" humaniste  Résumé"
Mémoire n°36,,La toponymie  Résumé
Mémoire n°36,,Fermage à Chachatier en 1730  Résumé
Mémoire n°36,,Un courroux... magistral  Résumé
Mémoire n°36,,La méridienne du bar de la Paix  Résumé
Mémoire n°36,,Hercule de retour à Vizille  Résumé
Mémoire n°36,,"Vizille, les maisons de l'abbé Pierre  Résumé"
Mémoire n°36,,Accident miraculeux à Huez  Résumé
Mémoire n°36,,Barrage de l'Etroit... de l'eau qui a fait couler beaucoup d'encre!  Résumé
Mémoire n°36,,"A Brié, elles aussi ont une histoire  Résumé"
Mémoire n°36,,Brié et ses environs en 1922 : promenade d'automne autour des 4 seigneurs  Résumé
Mémoire n°36,,Curiosités de nos archives communales - Jarrie  Résumé
Mémoire n°36,,Eté 2009 - Patrimoine en fête  Résumé
Mémoire n°36,,La desserte ferroviaire de la vallée de la Romanche  Résumé
Mémoire n°36,,Appel à témoins  Résumé
Mémoire n°37,,Le patrimoine vizillois  Résumé
Mémoire n°37,,Brié et ses environs en 1922 : promenade d'automne autour des 4 Seigneurs Résumé
Mémoire n°37,,Canal de navigation ou chemin de fer entre Grenoble et Vizille - Rêves et réalité  Résumé
Mémoire n°37,,Vizille et ses commerces : La rue Aristide Briand (rue d'Italie)  Résumé
Mémoire n°37,,II - Le parc du vieux château du roi  Résumé
Mémoire n°37,,Souvenirs d'enfance de Gavet au Poursollet  Résumé
Mémoire n°37,,Centenaire des sapeurs-pompiers de Brié et Angonnes : 1909-2009  Résumé
Mémoire n°37,,L'auto-école il y a 40 ans  Résumé
Mémoire n°37,,La prise du château de Champ par Lesdiguières le 1er avril 1587  Résumé
Mémoire n°37,,Une très jeune dame de 100 ans  Résumé
Mémoire n°37,,Le petit musée de la coiffure  Résumé
Mémoire n°37,,Curiosités de nos archives communales - Les curés racontent l'histoire Résumé
Mémoire n°37,,La masse d'arme du Chevalier Bayard  Résumé
Mémoire n°38,,Adrienne  Résumé
Mémoire n°38,,La pierre plate à Rioupéroux  Résumé
Mémoire n°38,,Vizille et ses comerces : la boucherie Cret - 1908 à 1979 -1ère partie de la rue Jean Jaurès Résumé
Mémoire n°38,,Vizille et ses commerces : La rue Aristide Briand (rue d'Italie) - 2ème partie  Résumé
Mémoire n°38,,Brié et ses environs en 1922 : promenade d'automne autour des 4 Seigneurs  Résumé
Mémoire n°38,,Ou l'on retrouve les Hache ?  Résumé
Mémoire n°38,,Une ténébreuse affaire : la conspiration Didier  Résumé
Mémoire n°38,,L'histoire dans les archives - Le fonds Jouvin - Carnet du Sieur Corréard  Résumé
Mémoire n°38,,A propos de... Les livres de raison  Résumé
Mémoire n°38,,L'alambic de la Gaffe  Résumé
Mémoire n°38,,Le chateau de paille dans les années 50  Résumé
Mémoire n°38,,Histoires d'eaux au château de Paille  Résumé
Mémoire n°38,,Ozias Féronce : un grand astronome vizillois méconnu  Résumé
Mémoire n°38,,Attention... aux excès de vitesse !  Résumé
Mémoire n°39,,Hommage à Pierre Melquiond  Résumé
Mémoire n°39,,Histoire de la Poste (1e partie) à Vizille  Résumé
Mémoire n°39,,Sur la route de Montchaffrey  Résumé
Mémoire n°39,,Le secret d'Hercule - Conte de Noël  Résumé
Mémoire n°39,,Un ouvrage sur le château de Bon Repos  Résumé
Mémoire n°39,,L'histoire dans les archives (suite)  Résumé
Mémoire n°39,,L'authenticité éxigée par l'histoire  Résumé
Mémoire n°39,,Emile Rivet  Résumé
Mémoire n°39,,Les cavalcades à Vizille (1e partie)  Résumé
Mémoire n°39,,"1310 - 2010, déjà 700 ans! Les libertés communales de Vizille  Résumé"
Mémoire n°39,,Les chroniques oubliées : le contrat de mariage  Résumé
Mémoire n°39,,Appel à recettes  Résumé
Mémoire n°39,,La fabrication du pain à la ferme  Résumé
Mémoire n°41,,Témoignage de Micheline Hauss  Résumé
Mémoire n°41,,Tous à vos souvenirs ! Qui peut compléter cette grille ?  Résumé
Mémoire n°41,,Les hommes de la conspiration Didier  Résumé
Mémoire n°41,,Histoire de la Poste (2e partie)  Résumé
Mémoire n°41,,Les cavalcades à Vizille (2e partie)  Résumé
Mémoire n°41,,Les chroniques oubliées : le contrat de mariage  Résumé
Mémoire n°41,,Historique de la maison Chamoux  Résumé
Mémoire n°41,,Vizille et ses commerces : la rue Jean Jaurès (suite)  Résumé
Mémoire n°41,,Etre royaliste  Résumé
Mémoire n°41,,La tradition de Guignol à Uriage  Résumé
Mémoire n°41,,Notre-Dame-de-Jarrie  Résumé
Mémoire n°41,,Berthe Vial  Résumé
Mémoire n°41,,"Le fils d'Ozias Féronce, l'astronome vizillois  Résumé"
Mémoire n°42,,Le cimetière de Vizille  Résumé
Mémoire n°42,,Le monument aux morts de Vizille  Résumé
Mémoire n°42,,"Les Jeux Olympiques modernes, une invention Grenobloise  Résumé"
Mémoire n°42,,Repas de fête  Résumé
Mémoire n°42,,Notre-Dame-de-Jarrie (2e partie)  Résumé
Mémoire n°42,,Le Lac Mort de Laffrey à Saint-Barthélémy-de-Séchilienne  Résumé
Mémoire n°42,,Mon premier travail...  Résumé
Mémoire n°42,,Curiosité  Résumé
Mémoire n°42,,Histoire de la Poste à Vizille (3e partie)  Résumé
Mémoire n°42,,Cavalcades organisées par le Comité du sou des écoles (3e partie)  Résumé
Mémoire n°42,,Mon enfance à Livet - Jeanne Fagno née Bergonzoli  Résumé
Mémoire n°42,,La chapelle Notre-Dame-sous-la-Croix à Chamrousse  Résumé
Mémoire n°42,,Souvenirs d'enfance aux Peyrauds  Résumé
Mémoire n°42,,Parcours d'un Français libre  Résumé
Mémoire n°42,,La vie de l'association  Résumé
Mémoire n°43,,Avis de recherche  Résumé
Mémoire n°43,,Les orgues historiques de Vizille  Résumé
Mémoire n°43,,La chapelle des Angonnes en 1867  Résumé
Mémoire n°43,,Histoire de la Reine de Mai ou le conte de l'Aspérule  Résumé
Mémoire n°43,,Les fêtes de Jarrie en 1867  Résumé
Mémoire n°43,,Les tenues des facteurs  Résumé
Mémoire n°43,,"L'incroyable vie de Charles d'Albigny, seigneur de Séchilienne  Résumé"
Mémoire n°43,,L'oeuvre de Charles Albert Keller dans l'électrométallurgie et la production d'énergie électrique  Résumé
Mémoire n°43,,Le chemin des Huguenots  Résumé
Mémoire n°43,,Nomination d'un garde champêtre à Vizille  Résumé
Mémoire n°43,,Les champignons  Résumé
Mémoire n°43,,La société mycologique de Vizille  Résumé
Mémoire n°43,,La tombe de la famille Du Terrail-Couvat dans l'ancien cimetière de Vizille  Résumé
Mémoire n°43,,Les productions des Amis de l'Histoire du Pays Vizillois  Résumé
Mémoire n°43,,Nos publications hors-séries  Résumé
Mémoire n°43,,La vie de l'association  Résumé
Mémoire n°44,,Michelle Perrot à travers la presse...  Résumé
Mémoire n°44,,Michelle Perrot : sur les traces de Lucie Baud  Résumé
Mémoire n°44,,Témoignage de Lucie Baud  Résumé
Mémoire n°44,,L'histoire de l'Alliance Textile  Résumé
Mémoire n°44,,Un carré de soie représentant le château de Vizille  Résumé
Mémoire n°44,,Une autre vision peu flatteuse de Vizille en 1882  Résumé
Mémoire n°44,,Une résistante vizilloise à l'honneur  Résumé
Mémoire n°44,,Adolphe Grimaldi  Résumé
Mémoire n°44,,Parcs et jardins de Brié et Angonnes  Résumé
Mémoire n°44,,"Champ-sur-Drac et son musée d'histoire locale ""Autrefois""  Résumé"
Mémoire n°44,,Le moulin de Tavernolles  Résumé
Mémoire n°44,,La maison Allard au Louvaroux  Résumé
Mémoire n°44,,Napoléon 1er à Tavernolles  Résumé
Mémoire n°44,,Reculement de la Grande Rue à Vizille en 1893  Résumé
Mémoire n°44,,Les gypsoducs de Champ au XVIIIe siècle  Résumé
Mémoire n°44,,Le symbolisme dans le cimetière de Vizille  Résumé
Mémoire n°44,,La vie de l'association  Résumé
Mémoire n°45,,Vous avez dit patrimoine ?  Résumé
Mémoire n°45,,Bain de jouvence pour le château de Vizille  Résumé
Mémoire n°45,,"Lesdiguières, le renard des montagnes  Résumé"
Mémoire n°45,,"Claudine de Bérenger et François de Bonne, duc de Lesdiguières Résumé"
Mémoire n°45,,L'évêque de Grenoble se suicide dans son château d'Herbeys  Résumé
Mémoire n°45,,Vous avez dit : lieux-dits ? Une histoire de toponymes  Résumé
Mémoire n°45,,Le balancier et le bon Saint-Eloi  Résumé
Mémoire n°45,,Les archives anciennes de Brié et Angonnes  Résumé
Mémoire n°45,,Souvenir... souvenir... Les Jeux Olympiques de Grenoble en 1968 Résumé
Mémoire n°45,,Une tentative d'incendie à Vizille  Résumé
Mémoire n°45,,"L'association des ""Amis de l'orgue de Vizille"" est née  Résumé"
Mémoire n°45,,Le refuge de la société des Touristes du Dauphiné à La Morte  Résumé
Mémoire n°45,,Vizille et ses commerces : la rue Jean Jaurès (3ème et dernière partie) Résumé
Mémoire n°45,,"Vizille, ville d'eau  Résumé"
Mémoire n°45,,La généalogie de Lucie Baud  Résumé
Mémoire n°45,,La maison d'Hugues-Allerme au Louvaroux  Résumé
Mémoire n°45,,Le cimetière de Vizille  Résumé
Mémoire n°45,,Le symbolisme dans le cimetière de Vizille (suite)  Résumé
Mémoire n°45,,La vie de l'association  Résumé
Mémoire n°45,,Table des articles publiés dans Mémoire 41 à 44  Résumé
Mémoire n°46,,Editorial  Résumé
Mémoire n°46,,Ambroise Croizat ou l'invention sociale  Résumé
Mémoire n°46,,Jean Métral raconte  Résumé
Mémoire n°46,,Les jours heureux - Le programme du Conseil National de la Résistance  Résumé
Mémoire n°46,,Les Etats Généraux de la Résistance à Vizille  Résumé
Mémoire n°46,,Les Justes - Justes parmi les Nations  Résumé
Mémoire n°46,,Circonstances du sauvetage et recherches  Résumé
Mémoire n°46,,La République des enfants de Moulin Vieux (1)  Résumé
Mémoire n°46,,Le stade René Perrouault à Champ-sur-Drac  Résumé
Mémoire n°46,,Le sous-lieutenant Joseph Auguste Floxoli  Résumé
Mémoire n°46,,Quelques heures avant la Libération  Résumé
Mémoire n°46,,Une triste fin  Résumé
Mémoire n°46,,Ils venaient d'avoir 18 ans... Les conscrits  Résumé
Mémoire n°46,,Aout 1944 - Une période tragique à La Morte et dans le Taillefer  Résumé
Mémoire n°46,,Les chantiers de la jeunesse  Résumé
Mémoire n°46,,Chantiers de jeunesse n°12  Résumé
Mémoire n°46,,La vie de l'association - Deuxième semestre 2013  Résumé
Mémoire n°47,,"Albert Lebrun, le dernier Président de la IIIe République  Résumé"
Mémoire n°47,,A travers la presse régionale et nationale  Résumé
Mémoire n°47,,L'orgue de Vizille  Résumé
Mémoire n°47,,"Aimé Guille, portrait d'un résistant  Résumé"
Mémoire n°47,,Les états généraux de la Résistance  Résumé
Mémoire n°47,,Yvonne Bonthoux et Jean-Marcel Champon  Résumé
Mémoire n°47,,Ma rencontre avec Pierre Draï  Résumé
Mémoire n°47,,La mémoire dévérouillée  Résumé
Mémoire n°47,,Moulin-Vieux ou les enfants de la République  Résumé
Mémoire n°47,,Le château de Vizille efface les traces de ses blessures  Résumé
Mémoire n°47,,Les timbres de la Libération  Résumé
Mémoire n°47,,Groupes-francs contre les Forces de l'Ordre dans l'Isère  Résumé
Mémoire n°47,,"André Morel, mon voisin de palier  Résumé"
Mémoire n°47,,Morts pour la France dans le Pays Vizillois  Résumé
Mémoire n°47,,La grande guerre de 1914-1918 - Vizille et ses soldats décédés en 1914  Résumé
Mémoire n°47,,La guerre 14/18 et l'utilisation des gaz de combat  Résumé
Mémoire n°47,,Les belles années des corsos à Vizille - 1971/1997  Résumé
Mémoire n°47,,La chasse aux bornes est ouverte...  Résumé
Mémoire n°48,,Le séjour de Napoléon à l'île d'Elbe  Résumé
Mémoire n°48,,La route Napoléon  Résumé
Mémoire n°48,,La statue de Napoléon 1er à Laffrey  Résumé
Mémoire n°48,,"Les mémoires de Basile Bonnardon, médecin à Vizille 1786-1863  Résumé"
Mémoire n°48,,Le cadastre napoléonien  Résumé
Mémoire n°48,,Alexandre Debelle  Résumé
Mémoire n°48,,Le passage de Napoléon lors de son retour de l'île d'Elbe  Résumé
Mémoire n°48,,"Alexandre Zeis, instituteur et géomètre  Résumé"
Mémoire n°48,,Le colonel Moustache de St-Barthélémy de Séchilienne  Résumé
Mémoire n°48,,Vizille a toujours été fidèle à l'Empereur et à sa descendance  Résumé
Mémoire n°48,,La grande guerre de 1914-1918 - Vizille et ses soldats décédés entre le 1er janvier et le 30 juin 1915  Résumé
Mémoire n°48,,Uriage-les-Bains - Hôpital militaire complémentaire n°42 (1914-1919)  Résumé
Mémoire n°48,,Le mystère de Saint Firmin ou la légende de la cloche à la sauge  Résumé
Mémoire n°48,,Les belles années des corsos à Vizille - les années 80 (suite)  Résumé
Mémoire n°49,,Mourir une deuxième fois  Résumé
Mémoire n°49,,"Histoire d'un résistant un peu spécial : Jean Freysselinard , le gendre du président Albert Lebrun à Vizille  Résumé"
Mémoire n°49,,la SAMA Société Anonyme des Meles artificielles  Résumé
Mémoire n°49,,Souvenirs au fil des saisons  Résumé
Mémoire n°49,,La Grande Guerre de 1914-1918 : Vizille et ses soldats décédés entre le 1er juillet et le 31 décembre 1915  Résumé
Mémoire n°49,,Les quatrièmes grand rendez-vous de l'histoire du Pays Vizillois : mai/juin 2016 Résumé
Mémoire n°49,,L'hôpital temporaire de La Valentine  Résumé
Mémoire n°49,,Vizille et sa piscine  Résumé
Mémoire n°49,,Le centre d'apprentissage de Vizille  Résumé
Mémoire n°49,,Les eaux d'Uriage : des Thermes romains à l'entreprise industrielle : 2000 ans d'histoire  Résumé
Mémoire n°49,,Histoire courte des cordiers de Vizille  Résumé
Mémoire n°49,,La corde à 13 noeuds  Résumé
Mémoire n°49,,ElirViallet capitaine de chasseurs alpins ; Août 1914- Juin 1915  Résumé
Mémoire n°49,,Raoul Naz  Résumé
Mémoire n°49,,L'orgue de Vizille  Résumé
Mémoire n°49,,"1799, l'exode du Pape Pie VI et son passage à Vizille  Résumé"
Mémoire n°49,,Les belles années des corsos ; les années 1990  Résumé
Mémoire n°49,,"Vizille et ses commerces: Désiré Trouillon, marchand de vin  Résumé"
Mémoire n°49,,Jean Guitton 1917-2015  Résumé
Mémoire n°49,,La page des poètes : Moi Connétable  Résumé
Mémoire n°49,,Une des trois grandes usines de tissage de Vizille  Résumé
Mémoire n°49,,La page des jeux  Résumé
Mémoire n°50,,Morts pour la France  Résumé
Mémoire n°50,,14-18 Folie meurtrière  Résumé
Mémoire n°50,,Compte rendu de la mobilisation à Vizille (1er août 1914)  Résumé
Mémoire n°50,,La grande guerre de 1914-1918 . Vizille et ses soldats décédés entre le 1er janvier et le 30 juin 1906  Résumé
Mémoire n°50,,François-Joseph Durand mort pour la France  Résumé
Mémoire n°50,,Gabriel Fiat Carnets de guerre - 1914-1918  Résumé
Mémoire n°50,,M. l'abbé Biard  Résumé
Mémoire n°50,,Saint-Georges-de-Commiers . Morts pour la France pendant la grande guerre Résumé
Mémoire n°50,,"Pour de vrais ""poilus""  Résumé"
Mémoire n°50,,La complainte du guetteur  Résumé
Mémoire n°50,,La Madelon  Résumé
Mémoire n°50,,"L'histoire des Clavel, bourreliers à Vizille, place du château  Résumé"
Mémoire n°50,,"Vizille et ses commerces ; Place de la Libération, Place du château 1ère partie Résumé"
Mémoire n°50,,Elles se souviennent et elles racontent  Résumé
Mémoire n°50,,"Hier, le chemin de fer  Résumé"
Mémoire n°50,,Mon premier club sportif  Résumé
Mémoire n°50,,Théâtre d'antan La muette de Vizille  Résumé
Mémoire n°51,,Heureux 25 ans  Résumé
Mémoire n°51,,En amont du spectacle - l'écriture  Résumé
Mémoire n°51,,Mémoires ouvrières - Le spectacle - La compagnie Partage  Résumé
Mémoire n°51,,Les industries de Vizille  Résumé
Mémoire n°51,,Brèves d'archives - Pour le renom de la ville: la propreté  Résumé
Mémoire n°51,,Accidents industriels en Pays Vizillois  Résumé
Mémoire n°51,,La grande guerre de 1914-1918 - Vizille et ses soldats décédés entre le 1er juillet et le 31 décembre 1916  Résumé
Mémoire n°51,,Transports Paul Vallet  Résumé
Mémoire n°51,,Vizille et ses commerces - Place de la Libération/Place du Château - 2ème partie  Résumé
Mémoire n°51,,Les quatrièmes grands rendez-vous de l'histoire du Pays Vizillois  Résumé
Mémoire n°51,,Inauguration de l'orgue de Vizille le dimanche 26 novembre 1899  Résumé
Mémoire n°51,,Le protonotaire et le curé de Vizille  Résumé
Mémoire n°51,,L'orgue de Vizille  Résumé
Mémoire n°52,,"Guy Delahaye , photographe  Résumé"
Mémoire n°52,,"2017,Année Lesdiguières  Résumé"
Mémoire n°52,,Vizille et le festival 1973/ 1988 ; Le Diable et le Capitaine -1983  Résumé
Mémoire n°52,,A la rencontre de François de Bonne  Résumé
Mémoire n°52,,Marie Vignon seconde femme du connétable  Résumé
Mémoire n°52,,Les ancêtres de Lesdiguières  Résumé
Mémoire n°52,,"Chronologie de la vie de François de Bonne, Duc de Lesdiguières  Résumé"
Mémoire n°52,,Les rois de France du temps de Lesdiguières  Résumé
Mémoire n°52,,Lesdiguières dans tous ses états  Résumé
Mémoire n°52,,Le Château des Diguières ( Propriété de Lesdiguières) ; Le Glaizil ( Hautes-Alpes)  Résumé
Mémoire n°52,,Le pont Lesdiguières à Claix  Résumé
Mémoire n°52,,"La prise du Château de Champ, du Pont de Cognet, du Château du Monestier  Résumé"
Mémoire n°52,,Une épouvantable défaite-1587 : la bataille de Jarrie vue du côté suisse  Résumé
Mémoire n°52,,"Les enfants et notre patrimoine : le Château, les arts  Résumé"
Mémoire n°52,,Un élixir ...tiré par les cheveux  Résumé
Mémoire n°52,,La Grande Guerre de 1914-1918 : Vizille et ses soldats décédés entre le 1er Janvier et le 30 juin 1917  Résumé
Mémoire n°52,,Notre chère Annie  Résumé
Mémoire n°52,,Vizille et ses commerces : Place de la Libération / Place du Château - 3ème partie Résumé
Mémoire n°52,,Les pages des jeux : Lesdiguières  Résumé
Mémoire n°52,,Un orgue historique à restaurer  Résumé
Mémoire n°53,,"Jean-Claude Gallotta , chorégraphe  Résumé"
Mémoire n°53,,A la découverte de l'art  Résumé
Mémoire n°53,,Madame et Monsieur de Lesdiguières...  Résumé
Mémoire n°53,,Complément à l'histoire de la Chapelle des Angonnes  Résumé
Mémoire n°53,,Olivier Messiaen à Petichet  Résumé
Mémoire n°53,,"La musique à Vizille depuis 1873 -1ère partie : La fanfare de Vizille ou ""La Vizilloise"" - 1873/1982  Résumé"
Mémoire n°53,,Séraphin Guimet  Résumé
Mémoire n°53,,Les groupes musicaux  Résumé
Mémoire n°53,,L'art vivant - La danse : Jean-Claude Gallotta  Résumé
Mémoire n°53,,"Daise , Guy Desarmagnat  Résumé"
Mémoire n°53,,L'art...de la table au temps des Dauphins  Résumé
Mémoire n°53,,L'art sur le plateau de Champagnier  Résumé
Mémoire n°53,,Les tableaux restaurés de l'église de Saint Georges de Commiers  Résumé
Mémoire n°53,,L'église Saint-Blaise à Champ sur Drac  Résumé
Mémoire n°53,,Enquête sur les tribulations d'un meuble d'église  Résumé
Mémoire n°53,,Un regard artistique sur le patrimoine industriel local par L'Artelier d'Uriage  Résumé
Mémoire n°53,,L'Ecole Nationale Professionnelle de jeunes filles de Vizille - l'ENP  Résumé
Mémoire n°53,,La BD Jojo de la Gaffe  Résumé
Mémoire n°53,,Les portes du Château de Vizille  Résumé
Mémoire n°53,,Uriage : la fontaine de la déesse Hygie  Résumé
Mémoire n°53,,La première foire de Champagnier en 1758  Résumé
Mémoire n°53,,La Grande Guerre de 1914-1918 : Vizille et ses soldats décédés entre le 1er juillet et le31 décembre 1917  Résumé
Mémoire n°53,,Une page de l'histoire se tourne...L'hôpital-hospice  Résumé
Mémoire n°53,,Vizille et ses commerces : Place de la Libération - 4ème partie  Résumé
Mémoire n°54,,Adrienne Celso  Résumé
Mémoire n°54,,Les retours et la reconstruction  Résumé
Mémoire n°54,,Le général Regard de la Grande Guerre à la Résistance  Résumé
Mémoire n°54,,"Centenaire de la mort de Serge Basset, homme de lettres, auteur dramatique et journaliste français  Résumé"
Mémoire n°54,,Victor Chambe 1896-1965  Résumé
Mémoire n°54,,Une famille qui a failli disparaître dans la tourmente de la pere guerre mondiale  Résumé
Mémoire n°54,,Deuxième carnet* Fiat Gabriel - Etapes depuis la Somme  Résumé
Mémoire n°54,,Les cérémonies du souvenir en Days Vizillois  Résumé
Mémoire n°54,,Les soldats de Brié-et-Angonnes décédés durant le conflit…  Résumé
Mémoire n°54,,La grande guerre de 1914-1918 Vizille et ses soldats décédés entre le 1*' janvier et le 30 juin 1918  Résumé
Mémoire n°54,,L'épopée du ski jarrois - père partie - 1947/1968  Résumé
Mémoire n°54,,De la Vizilloise à l'Harmonie de Vizille - 2° partie - 1983-2017  Résumé
Mémoire n°55,,Sommaire  Résumé
Mémoire n°55,,•« Plus jamais ça ! »  Résumé
Mémoire n°55,,• L'hirondelle de Vizille  Résumé
Mémoire n°55,,La pisciculture du Château de Vizile  Résumé
Mémoire n°55,,"Une vie au... Parc des Princes ; La ferme prince à FontReygner, hameau de Saint jean de Vaux  Résumé"
Mémoire n°55,,Le général Auguste Lardant soldat des troupes de montagne Résumé
Mémoire n°55,,L'été 1944 au Péage-de-Vizile André raconte  Résumé
Mémoire n°55,,Les femmes dans la guerre de 1914 à 1918  Résumé
Mémoire n°55,,Joseph et François Baldacci  Résumé
Mémoire n°55,,La grande guerre de 1914-1918 Viille et ses soldats décédés entre le 1* juillet et le 31 décembre 1918  Résumé
Mémoire n°55,,Homblières  Résumé
Mémoire n°55,,Les anciennes routes du Pays Vizilois  Résumé
Mémoire n°55,,• L'épopée du ski jarrois - 2° partie - 1969/2017  Résumé
Mémoire n°55,,•La « Samba Parade » de 2006 à Vizille  Résumé
Mémoire n°55,,Les soldats de Saint-Barthélémy-de-Séchilienne décédés durant la Grande Guerre  Résumé
Mémoire n°55,,• Un passé bien antérieur ! Coupe de bois à Jarrie en 1743 Résumé
Mémoire n°55,,Moi collectionneur  Résumé
Mémoire n°55,,Une liqueur oubliée La «Benoîte d'Uriage »  Résumé
Mémoire n°56,,L'esprit de Résistance  Résumé
Mémoire n°56,,Germaine et Louis Vallier Résistants  Résumé
Mémoire n°56,,Jean-Marcel Champon Résistant  Résumé
Mémoire n°56,,/Users/michelt/Pictures/Photothèque.photoslibrary/originals/0/02DF1CB0-B94D-4170-A15F-41A54515EAB3.png  Résumé
Mémoire n°56,,Parcours d'un Résistant sans frontière Ces étrangers qui ont fait la France (Dominique Rossi)  Résumé
Mémoire n°56,,La famille Marangoni - Une triste histoire ()  Résumé
Mémoire n°56,,Renée et André Berthon se souviennent ()  Résumé
Mémoire n°56,,L'équipage américain du B24 - Libérator ()  Résumé
Mémoire n°56,,Huez et l'Alpe - Été 1944 ()  Résumé
Mémoire n°56,,« Retour à Rivesaltes » - Le film des 8e grands rendez-vous de l'Histoire du Pays Vizillois ()  Résumé
Mémoire n°56,,Des représentations d'animaux dans le Pays Vizillois ()  Résumé
Mémoire n°56,,Catalogue 2019  Résumé
Mémoire n°56,,D'où vient le mot Jarrie et que veut-il dire ? ()  Résumé
Mémoire n°56,,Des Vizillois oubliés ()  Résumé
Mémoire n°56,,Le train de la Romanche ()  Résumé
Mémoire n°56,,Herbeys - Chemins d'hier et d'aujourd'hui ()  Résumé
Mémoire n°56,,Un espace culturel Paul Bernard à Jarrie ()  Résumé
Mémoire n°57,,Éditorial  Résumé
Mémoire n°57,,14 septembre 1219: les jours d'après à Vizille  Résumé
Mémoire n°57,,Les paléo-lacs d'Oisans - Une histoire de 30 000 ans  Résumé
Mémoire n°57,,Histoire d'eau à Saint-Georges-de-Commiers  Résumé
Mémoire n°57,,Le lavoir de la Paute  Résumé
Mémoire n°57,,L'épisode de « la noyade » de Vizille  Résumé
Mémoire n°57,,Le Lac de Haute-Jarrie et les sècheresses  Résumé
Mémoire n°57,,Les ressources en eau de la commune de Saint-Pierre-de-Mésage  Résumé
Mémoire n°57,,Les ressources en eau de la commune de Saint-Pierre-de-Mésage  Résumé
Mémoire n°57,,La foire de Beaucroissant  Résumé
Mémoire n°57,,Un monument historique classé en DANGER : Le prieuré de Vizille  Résumé
Mémoire n°57,,A propos de la mutilation des personnages  Résumé
Mémoire n°57,,La page du poète. Le cimetière de Vizille  Résumé
Mémoire n°57,,Premières écoles vizilloises  Résumé
Mémoire n°57,,Essai de toponymie de l'appellation Belledonne  Résumé
Mémoire n°57,,Les fossiles de Vaulnaveys-le-Bas  Résumé
Mémoire n°57,,Quand les élèves s'emparent de l'histoire  Résumé
Mémoire n°57,,Quand les élèves s'emparent de l'histoire  Résumé
Mémoire n°57,,Souvenirs de guerre (39/45) d'un écolier vizillois  Résumé
Mémoire n°57,,Des représentations d'animaux dans le pays vizillois (2ème partie)  Résumé
Mémoire n°57,,Le symbolisme au cimetière: les animaux (fère partie)  Résumé
Mémoire n°58,,Éditorial  Résumé
Mémoire n°58,,La faille de Vizille  Résumé
Mémoire n°58,,Première ascension hivernale du Taillefer  Résumé
Mémoire n°58,,De la pierre au ciment  Résumé
Mémoire n°58,,La carrière oubliée  Résumé
Mémoire n°58,,L'usine électrique et la glacière à Vaulnaveys-le-Haut  Résumé
Mémoire n°58,,Débits de boissons à Saint-Pierre-de-Mésage  Résumé
Mémoire n°58,,Une figure pittoresque du Château de Paille dans les années 1950 « Kiki la rate »  Résumé
Mémoire n°58,,Vizille à travers la presse et les revues  Résumé
Mémoire n°58,,"je suis descendu de ma tribune, mais je vais revenir  Résumé"
Mémoire n°58,,Le Blanco  Résumé
Mémoire n°58,,Qu'est-ce qu'un zouave 7 (  Résumé
Mémoire n°58,,Châteauneuf à Haute-Jarrie  Résumé
Mémoire n°58,,"Résistance : Paul Reymond, un des derniers témoins  Résumé"
Mémoire n°58,,Le symbolisme au cimetière Les animaux (2ème partie) (  Résumé
Mémoire n°58,,Une très curieuse adoption apparaît dans un registre d'état civil de Jarrie  Résumé
Mémoire n°58,,"L'eau, les canaux Lignes de vie de notre histoire  Résumé"
Mémoire n°58,,Table des articles publiés dans Mémoire du n° 56 au n° 63 Résumé
Mémoire n°58,,Table des articles publiés dans Mémoire du n° 49 au n° 55 Résumé
Mémoire n°59,,éditorial  Résumé
Mémoire n°59,,La fin du carreau minier de Saint-Georges-de-Commiers Résumé
Mémoire n°59,,"Marius Bœuf (1898-1985), conducteur de trains sur le chemin de fer de La Mure  Résumé"
Mémoire n°59,,Souvenirs de la période 1939-1945 - Rencontre avec Fernand Bœuf  Résumé
Mémoire n°59,,Les origines de Vizille  Résumé
Mémoire n°59,,"Vieille-Morte « Une histoire de roche, d'eau... et d'hommes » (  Résumé"
Mémoire n°59,,Le premier festival de Vizille en 1973 - Till l'espiègle  Résumé
Mémoire n°59,,Le Manoir des Rolland  Résumé
Mémoire n°59,,"Saint-Roch, patron des épidémies (Monique Bonvallet) Résumé"
Mémoire n°59,,La peste en 1348 ..  Résumé
Mémoire n°59,,Brèves de peste  Résumé
Mémoire n°59,,Regards d'artistes  Résumé
Mémoire n°59,,« Marianne de profil » à l'Hôtel de Ville de Vizille  Résumé
Mémoire n°59,,Le tableau de l'Assemblée de Vizille par Alexandre Debelle  - Résumé
Mémoire n°60,,Éditorial  Résumé
Mémoire n°60,,Le retour de Lucie Baud  Résumé
Mémoire n°60,,Un nouveau siège - De Notre-Dame de Mésage à Vizille ( Résumé
Mémoire n°60,,Quatre prix  Résumé
Mémoire n°60,,Quatre prix  Résumé
Mémoire n°60,,Les grands rendez-vous de l'histoire du Pays Vizillois Résumé
Mémoire n°60,,Les numéros spéciaux  Résumé
Mémoire n°60,,"Mémoire, la revue  Résumé"
Mémoire n°60,,"Les assemblées générales, de Vizille à Champ-sur-Drac Résumé"
Mémoire n°60,,"Vizille, ville en transition  Résumé"
Mémoire n°60,,Faisons chanter « l'orgue du Pays Vizillois »  Résumé
Mémoire n°60,,S.O.S. Prieuré  Résumé
Mémoire n°60,,"La mascarade passe, et lonlonlère...  Résumé"
Mémoire n°60,,Les nouveaux outils de communication  Résumé
Mémoire n°60,,Le patrimoine funéraire  Résumé
Mémoire n°60,,"Saint-Roch, patron des épidémies (suite)  Résumé"
Mémoire n°60,,Histoire de Haute-Jarrie et de la famille Teyssier de Savy (suite)  Résumé
Mémoire n°61,,Éditorial  Résumé
Mémoire n°61,,"L'épopée de Napoléon, d'une île à l'autre  Résumé"
Mémoire n°61,,Le destin de la statue équestre de l'empereur  Résumé
Mémoire n°61,,"Dominique Jean Larrey, chirurgien en chef de la Grande Armée  Résumé"
Mémoire n°61,,Napoléon et la réglementation minière - La loi du 21 avril 1810  Résumé
Mémoire n°61,,La statue équestre de Napoléon à Laffrey  Résumé
Mémoire n°61,,Les « Réfugiés Politiques Espagnols »  Résumé
Mémoire n°61,,Le catalogue  Résumé
Mémoire n°61,,La vie de deux adolescents dans la tourmente de la guerre (1939-1945) - Pierre Ruibet et Mathilde Robert  Résumé
Mémoire n°61,,Pierre Ruibet - Histoire complète  Résumé
Mémoire n°61,,Mistral gagnant à la Gaffe Vizille  Résumé
Mémoire n°61,,La Pierre des rois  Résumé
Mémoire n°61,,Souvenir de l'Occupation à Saint-Georges-de-Commiers (rencontre avec Jany Filhol)  Résumé
Mémoire n°61,,Qui était « Patte d'ours » et que nous raconte Alexandre Debelle ?  Résumé
Mémoire N°62,,Éditorial  Résumé
Mémoire N°62,,Première du Festival de Vizille  Résumé
Mémoire N°62,,Les festivals de Louis Beyler - 1976-La mère  Résumé
Mémoire N°62,,"Paul Michel, photographe  Résumé"
Mémoire N°62,,"Paul Michel, photographe  Résumé"
Mémoire N°62,,"Paul Michel, photographe  Résumé"
Mémoire N°62,,Les élèves découvrent Vizille - Le château du Roi  Résumé
Mémoire N°62,,Les élèves découvrent Vizille - Notre Mairie  Résumé
Mémoire N°62,,Mathématiques et chemins de fer (ou René Thom sur le petit train de La Mure] (-  Résumé
Mémoire N°62,,La maison de Petichet  Résumé
Mémoire N°62,,Raconte-moi Allemond  Résumé
Mémoire N°62,,Ambiance à Vaulnaveys (  Résumé
Mémoire N°62,,Les ascensions oubliées des officiers géographes (1748-1778) Résumé
Mémoire N°62,,Le prieuré de Vizille en BD  Résumé
Mémoire N°62,,Le prieuré de Vizille en BD  Résumé
Mémoire N°62,,La Pierre des Rois (suite)  Résumé
Mémoire N°62,,Pour en savoir plus - Une promenade dans les salles du Louvre Résumé
Mémoire N°62,,L'histoire discrète de l'église Saint-Antoine de Livet  Résumé
Mémoire N°62,,Le travail textile à Vizille  Résumé
Mémoire N°62,,Vieille-Morte - Des logis et des écuries ? Des ruines...  Résumé
Mémoire N°62,,Les déplacements de Jean Jaurès en région « Rhône-Alpes » () Résumé
Mémoire N°62,,Les déplacements de Jean Jaurès en région «Rhône-Alpes» - 2ème partie  Résumé
Mémoire n°63,,Éditorial  Résumé
Mémoire n°63,,L'ancien canton de Vizille de la préhistoire à l'AN MIL  Résumé
Mémoire n°63,,La « Fontaine puant » au hameau des Essoulieux (commune du Bourg d'Oisans)  Résumé
Mémoire n°63,,Le dernier train  -  Résumé
Mémoire n°63,,Les mémoires de Carmen Saunier  Résumé
Mémoire n°63,,Les Gourlus  Résumé
Mémoire n°63,,Le prieuré de Vizille en BD  Résumé
Mémoire n°63,,L'histoire du château de Cornage de Lesdiguières à nos jours  Résumé
Mémoire n°63,,Bon Repos - Grandeur et décadence ou les misères d'un château Résumé
Mémoire n°63,,"L'Académie Delphinale, 250 ans d'histoire et de mémoire en Dauphiné Résumé"
Mémoire n°63,,1982 - Les Trois Mousquetaires - Louis Beyler Le Festival de Vizille fête ses 10 ans...  Résumé
Mémoire n°63,,"Casimir, André, Gérard Berthon et le rugby  Résumé"
Mémoire n°63,,Balade vizilloise au fil des panneaux  Résumé
Mémoire n°64,,Éditorial  Résumé
Mémoire n°64,,Le poids public de Vizille ou « la bascule »  Résumé
Mémoire n°64,,Le cahier de route de Charvet  Résumé
Mémoire n°64,,Le tram ne viendra plus sur la place  Résumé
Mémoire n°64,,Ils eurent leur temps de célébrité...! maintenant nos vieux trams tombent sous les coups des démolisseurs  Résumé
Mémoire n°64,,Le petit train départemental des V.F.D. a fait son dernier voyage  Résumé
Mémoire n°64,,Des locomotives au pied des Alpes - De la gare Jarrie-Vizille à la gare  Résumé
Mémoire n°64,,Champagne à Brié - Mont-Rolland  Résumé
Mémoire n°64,,Le prieuré de Vizille en BD  Résumé
Mémoire n°64,,1979 - Ah ! Si Arthur était là... Le Vilème festival de Vizille  Résumé
Mémoire n°64,,Histoire de la famille Brun - Du rouleau à pâtisserie au rouleau compresseur !  - Résumé
Mémoire n°64,,Les facteurs ruraux du Pays Vizillois sous le Second Empire  Résumé
Mémoire n°64,,Le centre d'apprentissage bilan d'une année de travail - 14 juillet 1952  Résumé
Mémoire n°64,,Jean Seyer (Surville nom de code dans la Résistance) un Lorrain au maquis de l'Disans  Résumé
Mémoire n°64,,Essai sur l'histoire minière et minéralogique des anciennes mines de fer de la commune de Saint-Pierre de Mésage  Résumé
Mémoire n°64,,Les courriers de nos lecteurs  Résumé
Mémoire n°65,,Éditorial  Résumé
Mémoire n°65,,"La recherche historique, une histoire à rebondissements  Résumé"
Mémoire n°65,,La centrale hydroélectrique des Vernes - Une histoire remarquable  Résumé
Mémoire n°65,,Les édifices religieux de l'ancien canton de Vizille - fère partie Résumé
Mémoire n°65,,La remplaçante  Résumé
Mémoire n°65,,La poésie du jour par l'intelligence artificielle sur Vizille  Résumé
Mémoire n°65,,Symphonie lacustre - Les lacs du Dauphiné - fère partie  Résumé
Mémoire n°65,,Parrainage des tuyaux d'orgue  Résumé
Mémoire n°65,,Symphonie lacustre - Les lacs du Dauphiné (suite)  Résumé
Mémoire n°65,,Restauration de la locomotive à vapeur bicabine n° 31 en Ardèche  Résumé
Mémoire n°65,,Maurice Gaillard  Résumé
Mémoire n°65,,L'histoire dans les archives communales - Le vingt-quatrième des pauvres  Résumé
Mémoire n°65,,Souvenirs de Mohamed Boumeghra  Résumé
Mémoire n°65,,Les vingt ans de l'association des amis de la chapelle  Résumé
Mémoire n°65,,Les vingt ans de l'association des amis de la chapelle Saint-Barthélemy à Sersigaud  Résumé
Mémoire n°65,,La chapelle Saint-Barthélemy à Sersigaud  Résumé
Mémoire n°65,,La complainte de Mandrin  Résumé
Mémoire n°65,,Vizille demain  Résumé
Mémoire n°66,,40000€ pour le prieuré de Vizille  Résumé
Mémoire n°66,,Éditorial  Résumé
Mémoire n°66,,L'ancien diocèse de Grenoble et son art roman - Le Pays Vizillois  Résumé
Mémoire n°66,,Bâtiments et monuments que la pierre a bâtis !  Résumé
Mémoire n°66,,Les édifices religieux de l'ancien canton de Vizille - 2ème partie  Résumé
Mémoire n°66,,La remplaçante (suite)  Résumé
Mémoire n°66,,La poésie du jour 0 par l'intelligence artificielle sur Vizille Résumé
Mémoire n°66,,les mines de l’hermine  Résumé
Mémoire n°66,,Lucie Baud a enfin son école à Saint-Pierre de Mésage Résumé
Mémoire n°66,,Le tremplin de Saint-Nizier  Résumé
Mémoire n°66,,Cérémonie du 11 novembre 2023  Résumé
Mémoire n°66,,Rencontre à Séchilienne  Résumé
Mémoire n°66,,Et si on parlait BD ?  Résumé
Mémoire n°67,,Éditorial
Mémoire n°67,,Les papeteries de Vizille - Une histoire de familles
Mémoire n°67,,Château de Maupertuis dit Château d’Hugues
Mémoire n°67,,Le chemin de croix de Luc Barbier à l’église de Vizille
Mémoire n°67,,Un parcours historique vizillois
Mémoire n°67,,La poterne du Château du Roi
Mémoire n°67,,"VIIIᵉ festival de Vizille : Roméo et Juliette 19, 20, 21, 24, 25, 26, 27, 28 juin 1980"
Mémoire n°67,,IXᵉ festival de Vizille - 1981 - Songe d’une nuit d’été
Mémoire n°67,,La remplaçante (suite)
Mémoire n°67,,L’orgue de Vizille - À la recherche de parrains pour ses tuyaux
Mémoire n°67,,Le clocher de l’église Sainte-Marie de Clelles
Mémoire n°67,,L’église Saint-Étienne de Haute-Jarrie
Mémoire n°67,,Dans les secrets de la minéralogie en Matheysine
Mémoire n°67,,"Vizille, capitale du cinéma !"
Mémoire n°67,,Été 1903 : avec les chasseurs alpins au Mont Aiguille
Mémoire n°67,,Souscription « Le Pays Vizillois à l’épreuve de la guerre - 1940 - 1945 »
Mémoire n°67,,Carnet de route d’un maquisard Raymond BREDÈCHE
Mémoire n°67,,Rassemblons nos souvenirs
Mémoire n°67,,La page utile
Mémoire n°68,,Éditorial
Mémoire n°68,,Exposition internationale de la Houille Blanche et du tourisme de Grenoble
Mémoire n°68,,La fonderie d’or de Saint-Maurice en Trièves - Témoin de la proto-industrialisation en milieu rural au milieu du XIVe siècle
Mémoire n°68,,Des trésors d’Histoire à Vizille - Les collections du Centre de Ressources Albert Soboul
Mémoire n°68,,Né à Vizille : Victor Ardouin-Dumazet - « Voyage en France »
Mémoire n°68,,Le Prieuré de Vizille
Mémoire n°68,,Vous reconnaissez-vous ?
Mémoire n°68,,Des espions au Fort de Comboire
Mémoire n°68,,"L’organiste, un conte d’Alphonse Daudet"
Mémoire n°68,,La pisciculture du Domaine de Vizille
Mémoire n°68,,Le Ve festival de Vizille - Louis Mandrin (1ère partie)
Mémoire n°68,,Le Ve festival de Vizille - 1977 - Louis Mandrin (2ème partie)
Mémoire n°68,,Compléments d’informations
Mémoire n°68,,Le Dauphiné gastronomique en 1930
Mémoire n°68,,La page utile
